{
    "playerData": {
        "playerPosition": {
            "x": -6.329646110534668,
            "y": 1.0,
            "z": 0.37573593854904177
        }
    }
}