{
    "playerData": {
        "playerPosition": {
            "x": 4.629782199859619,
            "y": 0.5095226764678955,
            "z": -0.549610435962677
        }
    }
}